地震の発生日,地震の発生時刻,震央地名,緯度,経度,深さ,Ｍ,最大震度
2011/06/30,23:45:44.4,長野県中部,36°12.8′N,137°56.6′E,5 km,2.4,震度２
2011/06/30,23:07:58.4,千葉県北東部,35°27.6′N,140°24.7′E,31 km,3.5,震度２
2011/06/30,21:42:46.6,宮城県沖,38°43.6′N,142°22.9′E,38 km,4.2,震度２
2011/06/30,19:22:44.4,福島県沖,37°20.6′N,141°35.3′E,43 km,4.8,震度３
2011/06/30,14:58:57.0,岩手県沖,39°09.2′N,142°24.9′E,31 km,4.0,震度２
2011/06/30,14:11:36.2,長野県中部,36°12.1′N,137°57.1′E,4 km,3.4,震度４
2011/06/30,13:53:59.1,長野県中部,36°12.3′N,137°56.7′E,4 km,3.1,震度３
2011/06/30,13:18:07.0,岩手県内陸北部,39°52.3′N,141°08.8′E,8 km,3.5,震度３
2011/06/30,10:19:34.5,千葉県北東部,35°43.4′N,140°40.9′E,48 km,3.5,震度２
2011/06/30,09:20:56.5,長野県中部,36°11.9′N,137°58.5′E,3 km,2.4,震度２
2011/06/30,09:17:56.7,秋田県内陸南部,39°35.6′N,140°38.1′E,5 km,2.8,震度２
2011/06/30,08:30:52.3,長野県中部,36°12.4′N,137°56.8′E,5 km,2.5,震度２
2011/06/30,08:21:33.7,長野県中部,36°11.3′N,137°57.2′E,4 km,5.1,震度４
2011/06/30,08:16:37.0,長野県中部,36°11.3′N,137°57.2′E,4 km,5.4,震度５強
2011/06/30,07:14:37.0,千葉県北東部,35°44.1′N,140°37.1′E,51 km,4.6,震度３
2011/06/30,05:56:48.5,新潟県中越地方,37°02.3′N,138°42.7′E,8 km,2.3,震度２
2011/06/30,04:52:02.7,茨城県沖,36°33.2′N,140°56.9′E,19 km,3.8,震度２
2011/06/30,04:45:28.4,長野県中部,36°11.6′N,137°57.0′E,5 km,2.4,震度２
2011/06/30,02:09:32.9,宮城県沖,38°12.8′N,141°35.8′E,53 km,4.0,震度２
2011/06/30,00:59:38.9,宮城県沖,38°26.1′N,141°50.1′E,57 km,3.9,震度２
2011/06/29,23:36:11.1,伊予灘,33°24.8′N,131°54.7′E,64 km,3.8,震度２
2011/06/29,23:19:33.8,福島県沖,36°57.3′N,141°04.3′E,51 km,3.9,震度２
2011/06/29,22:18:04.1,新潟県中越地方,36°56.7′N,138°36.8′E,4 km,2.7,震度２
2011/06/29,22:05:59.1,福島県浜通り,37°10.1′N,140°53.9′E,9 km,3.2,震度２
2011/06/29,20:58:58.2,長野県中部,36°11.8′N,137°57.0′E,5 km,2.3,震度２
2011/06/29,20:04:07.4,長野県中部,36°11.5′N,137°57.2′E,5 km,2.8,震度３
2011/06/29,19:32:38.8,長野県中部,36°11.4′N,137°57.1′E,4 km,3.4,震度３
2011/06/29,16:18:55.7,茨城県沖,36°48.4′N,141°09.8′E,34 km,3.9,震度２
2011/06/29,14:40:20.4,福島県会津,37°40.7′N,139°56.3′E,8 km,2.8,震度２
2011/06/29,14:34:05.9,福島県会津,37°40.5′N,139°56.3′E,8 km,2.7,震度２
2011/06/29,14:29:29.3,福島県会津,37°40.8′N,139°56.4′E,9 km,2.8,震度２
2011/06/29,14:27:20.7,福島県会津,37°40.9′N,139°56.5′E,8 km,3.3,震度３
2011/06/29,12:58:36.5,宮城県沖,38°53.3′N,141°58.1′E,50 km,3.8,震度２
2011/06/29,12:02:55.0,静岡県東部,35°18.1′N,138°42.3′E,10 km,2.7,震度２
2011/06/29,11:04:55.8,福島県浜通り,37°08.0′N,140°51.1′E,7 km,3.3,震度３
2011/06/29,10:51:03.8,福島県浜通り,37°08.2′N,140°51.6′E,7 km,3.8,震度２
2011/06/29,02:45:45.7,熊本県熊本地方,33°01.0′N,130°44.5′E,11 km,3.1,震度２
2011/06/29,01:17:17.4,福島県沖,37°07.9′N,141°03.8′E,54 km,3.9,震度２
2011/06/28,22:22:58.6,宮城県沖,38°12.4′N,142°00.0′E,50 km,4.2,震度２
2011/06/28,21:18:26.2,熊本県熊本地方,33°01.4′N,130°44.1′E,11 km,4.2,震度４
2011/06/28,19:46:39.6,福島県浜通り,37°07.7′N,140°51.5′E,7 km,2.9,震度２
2011/06/28,17:11:08.7,宮城県沖,38°26.4′N,141°50.0′E,57 km,3.6,震度２
2011/06/28,15:50:57.1,宮城県沖,38°25.5′N,141°47.1′E,56 km,4.0,震度２
2011/06/28,12:45:04.1,福島県浜通り,37°07.3′N,140°52.3′E,9 km,4.3,震度３
2011/06/28,03:22:48.7,茨城県沖,36°27.4′N,141°00.3′E,54 km,3.8,震度２
2011/06/28,00:04:47.5,千葉県東方沖,35°49.0′N,140°59.9′E,18 km,4.5,震度２
2011/06/27,20:48:39.5,福島県中通り,37°02.1′N,140°34.4′E,9 km,3.4,震度２
2011/06/26,21:29:06.1,宮城県沖,38°22.0′N,141°49.9′E,59 km,3.9,震度２
2011/06/26,18:40:16.6,秋田県内陸北部,40°14.1′N,140°22.8′E,13 km,3.7,震度２
2011/06/26,12:00:15.6,茨城県沖,36°37.7′N,141°02.3′E,47 km,3.8,震度２
2011/06/26,11:42:53.3,茨城県北部,36°44.5′N,140°35.0′E,8 km,3.3,震度２
2011/06/26,07:58:17.2,茨城県南部,35°58.4′N,140°05.4′E,62 km,3.5,震度２
2011/06/26,06:38:18.1,福島県沖,36°54.6′N,141°04.8′E,51 km,4.1,震度２
2011/06/26,05:11:34.6,秋田県内陸南部,39°35.7′N,140°38.0′E,4 km,3.9,震度３
2011/06/25,22:04:58.8,日高地方西部,42°53.8′N,142°38.2′E,103 km,4.1,震度２
2011/06/25,18:59:32.3,茨城県南部,36°01.1′N,140°05.8′E,63 km,3.7,震度２
2011/06/25,17:25:34.3,福島県浜通り,37°05.7′N,140°50.8′E,9 km,4.1,震度３
2011/06/25,17:02:41.0,福島県浜通り,37°05.5′N,140°50.9′E,10 km,3.2,震度３
2011/06/25,17:01:51.7,福島県浜通り,37°05.7′N,140°50.7′E,9 km,4.0,震度３
2011/06/25,16:06:02.2,福島県中通り,36°57.8′N,140°32.2′E,6 km,4.5,震度３
2011/06/25,15:54:27.8,福島県沖,37°01.1′N,142°27.9′E,15 km,4.7,震度２
2011/06/25,11:37:32.2,秋田県内陸北部,40°02.4′N,140°32.6′E,10 km,3.1,震度２
2011/06/25,09:44:18.1,岩手県沖,39°40.7′N,142°07.6′E,48 km,4.3,震度２
2011/06/25,02:39:26.4,浦河沖,41°57.9′N,142°43.2′E,57 km,5.4,震度３
2011/06/25,02:25:15.5,福島県沖,36°54.4′N,141°03.7′E,51 km,3.9,震度２
2011/06/25,00:22:53.4,福島県沖,37°06.2′N,141°08.2′E,53 km,4.1,震度２
2011/06/24,23:46:53.3,福島県沖,37°01.4′N,141°05.6′E,52 km,4.3,震度３
2011/06/24,23:39:03.1,宮城県中部,38°19.0′N,140°42.0′E,12 km,3.2,震度２
2011/06/24,18:43:59.7,岩手県沖,39°40.8′N,142°07.2′E,48 km,3.9,震度２
2011/06/24,15:54:31.2,茨城県沖,35°59.2′N,141°09.8′E,25 km,4.3,震度２
2011/06/24,10:00:15.7,茨城県北部,36°22.3′N,140°37.6′E,53 km,3.7,震度２
2011/06/24,09:45:43.5,福島県会津,37°40.6′N,139°55.9′E,9 km,2.7,震度２
2011/06/24,09:41:04.4,宮崎県北部平野部,32°39.0′N,131°39.1′E,16 km,3.4,震度２
2011/06/24,09:36:41.4,福島県会津,37°40.5′N,139°55.8′E,9 km,3.7,震度３
2011/06/24,03:48:02.1,伊豆大島近海,34°37.1′N,139°14.8′E,10 km,3.6,震度２
2011/06/23,21:00:12.8,愛知県西部,34°53.6′N,136°50.8′E,11 km,3.4,震度２
2011/06/23,20:38:31.8,種子島南東沖,30°14.9′N,131°36.5′E,50 km,4.7,震度２
2011/06/23,19:35:02.2,宮城県沖,38°28.0′N,141°36.4′E,57 km,5.3,震度４
2011/06/23,19:15:56.8,岩手県沖,39°58.3′N,142°25.4′E,38 km,4.3,震度２
2011/06/23,17:22:49.3,福島県沖,37°03.9′N,141°10.4′E,50 km,4.5,震度４
2011/06/23,17:22:24.7,岩手県沖,39°56.4′N,142°29.0′E,35 km,4.0,震度２
2011/06/23,17:09:29.7,福島県中通り,36°59.9′N,140°30.3′E,5 km,3.5,震度２
2011/06/23,08:47:49.8,福島県沖,37°21.9′N,141°08.5′E,34 km,3.8,震度２
2011/06/23,06:50:50.7,岩手県沖,39°56.8′N,142°35.4′E,36 km,6.9,震度５弱
2011/06/23,03:56:54.6,長野県北部,36°48.2′N,138°35.6′E,1 km,3.2,震度２
2011/06/23,03:19:02.4,茨城県北部,36°25.7′N,140°33.1′E,53 km,3.8,震度３
2011/06/22,23:28:55.7,岩手県沖,40°03.8′N,142°54.8′E,23 km,5.5,震度３
2011/06/22,19:16:02.3,宮城県沖,38°38.2′N,141°54.5′E,49 km,3.9,震度２
2011/06/22,12:17:44.2,福島県沖,37°47.2′N,141°48.6′E,32 km,4.1,震度２
2011/06/22,10:39:34.5,岩手県沖,39°10.7′N,142°10.8′E,52 km,4.0,震度２
2011/06/22,06:52:42.0,宮城県沖,38°53.2′N,141°58.3′E,50 km,3.9,震度２
2011/06/22,06:15:58.6,茨城県沖,36°17.6′N,141°51.0′E,73 km,5.0,震度２
2011/06/22,05:26:59.5,福島県沖,37°17.5′N,141°22.6′E,46 km,3.4,震度２
2011/06/21,23:30:59.0,千葉県東方沖,35°22.8′N,140°26.7′E,54 km,4.3,震度２
2011/06/21,18:51:49.0,石狩地方中部,42°58.2′N,141°25.4′E,0 km,3.8,震度２
2011/06/21,17:49:39.9,茨城県沖,35°45.5′N,141°28.4′E,21 km,5.5,震度３
2011/06/21,17:37:33.6,福島県会津,37°40.8′N,139°56.4′E,8 km,2.8,震度２
2011/06/21,14:17:00.9,宮城県沖,38°34.8′N,141°43.8′E,61 km,4.0,震度２
2011/06/21,13:39:50.9,宮城県沖,38°40.2′N,142°01.3′E,45 km,4.1,震度３
2011/06/21,11:28:08.5,秋田県内陸南部,39°36.7′N,140°37.9′E,5 km,3.4,震度３
2011/06/21,07:26:39.9,福島県沖,37°03.7′N,141°08.1′E,51 km,3.8,震度２
2011/06/20,12:13:04.9,福島県会津,37°03.3′N,139°30.2′E,8 km,3.0,震度２
2011/06/20,10:46:35.9,千葉県東方沖,35°31.4′N,140°56.6′E,40 km,4.6,震度３
2011/06/20,07:25:34.0,福島県浜通り,37°06.9′N,140°50.1′E,7 km,2.7,震度２
2011/06/20,06:55:32.6,福島県浜通り,37°07.0′N,140°50.0′E,8 km,3.3,震度３
2011/06/20,06:17:09.4,福島県浜通り,37°06.8′N,140°51.6′E,7 km,3.7,震度３
2011/06/20,04:50:57.7,福島県中通り,36°55.7′N,140°28.6′E,6 km,3.8,震度２
2011/06/20,03:58:33.8,福島県沖,36°55.0′N,141°23.4′E,46 km,4.3,震度３
2011/06/20,03:13:01.7,茨城県沖,36°46.4′N,141°17.5′E,30 km,4.7,震度２
2011/06/20,00:49:24.3,宮城県沖,38°31.4′N,141°55.2′E,44 km,4.1,震度２
2011/06/19,17:46:41.9,岩手県沖,39°36.2′N,142°06.4′E,48 km,3.7,震度２
2011/06/19,15:52:46.1,千葉県東方沖,35°30.9′N,141°00.9′E,38 km,4.5,震度２
2011/06/19,15:41:04.8,福島県沖,37°23.4′N,141°25.7′E,34 km,3.9,震度２
2011/06/19,06:15:46.4,長野県北部,36°48.9′N,138°38.7′E,2 km,3.0,震度２
2011/06/19,06:14:46.9,長野県北部,36°49.0′N,138°38.6′E,2 km,3.4,震度２
2011/06/19,04:17:37.9,茨城県北部,36°42.3′N,140°35.5′E,9 km,3.1,震度２
2011/06/19,04:10:29.3,福島県沖,36°59.1′N,141°11.9′E,28 km,4.3,震度３
2011/06/19,04:01:31.1,茨城県北部,36°42.5′N,140°36.1′E,7 km,3.3,震度２
2011/06/19,03:26:20.9,宮城県中部,38°18.9′N,140°41.9′E,12 km,2.8,震度２
2011/06/18,20:31:04.6,福島県沖,37°37.0′N,141°49.2′E,28 km,6.0,震度４
2011/06/18,18:57:54.9,千葉県北西部,35°40.1′N,140°06.9′E,71 km,4.2,震度２
2011/06/18,18:12:49.5,福島県沖,37°00.1′N,141°10.0′E,48 km,4.0,震度３
2011/06/18,13:39:04.6,福島県中通り,37°03.6′N,140°37.6′E,15 km,4.6,震度４
2011/06/18,13:33:22.4,茨城県北部,36°40.9′N,140°37.2′E,12 km,3.8,震度３
2011/06/18,10:40:20.7,宮城県沖,38°21.2′N,141°47.9′E,57 km,3.8,震度２
2011/06/18,08:19:55.4,石川県加賀地方,36°20.7′N,136°44.0′E,7 km,3.3,震度２
2011/06/18,06:27:33.8,岩手県内陸北部,40°11.8′N,141°21.8′E,9 km,2.6,震度２
2011/06/18,05:48:44.3,宮城県中部,38°18.9′N,140°42.0′E,12 km,2.9,震度２
2011/06/18,05:13:04.5,岩手県沖,40°08.9′N,142°03.5′E,60 km,3.7,震度２
2011/06/18,04:48:24.4,岐阜県飛騨地方,36°09.3′N,137°26.1′E,7 km,3.8,震度３
2011/06/17,21:09:07.3,日向灘,32°40.8′N,132°08.0′E,37 km,4.1,震度２
2011/06/17,19:29:07.9,広島県北部,34°59.0′N,132°48.8′E,7 km,2.8,震度２
2011/06/17,12:50:58.1,茨城県北部,36°41.6′N,140°38.3′E,5 km,3.3,震度２
2011/06/17,04:00:13.2,千葉県東方沖,35°25.0′N,141°17.1′E,31 km,4.9,震度２
2011/06/16,23:38:42.7,福島県沖,36°57.7′N,141°42.6′E,49 km,4.3,震度２
2011/06/16,23:32:21.1,島根県東部,35°05.7′N,132°40.0′E,9 km,3.9,震度３
2011/06/16,15:53:01.9,茨城県北部,36°43.1′N,140°37.3′E,5 km,4.2,震度３
2011/06/16,11:56:16.4,福島県会津,37°39.9′N,139°56.0′E,8 km,2.9,震度２
2011/06/16,00:56:43.4,茨城県北部,36°42.1′N,140°34.7′E,8 km,3.9,震度３
2011/06/16,00:36:32.7,宮城県沖,38°51.1′N,142°03.3′E,46 km,3.8,震度２
2011/06/16,00:16:33.1,宮城県沖,38°19.3′N,142°15.4′E,39 km,4.2,震度２
2011/06/15,21:48:26.8,宮城県沖,38°54.8′N,141°56.2′E,52 km,4.0,震度２
2011/06/15,16:42:09.0,茨城県沖,36°03.6′N,140°40.4′E,12 km,3.5,震度２
2011/06/15,08:15:50.8,福島県浜通り,36°57.9′N,140°40.1′E,7 km,3.8,震度２
2011/06/15,02:54:46.6,岩手県沖,39°30.0′N,142°33.1′E,28 km,4.6,震度２
2011/06/15,01:51:40.3,岩手県内陸南部,39°02.6′N,140°52.3′E,5 km,3.8,震度２
2011/06/14,23:56:00.0,岩手県沖,39°29.4′N,142°31.7′E,28 km,5.3,震度３
2011/06/14,22:06:52.8,三陸沖,37°48.7′N,143°34.9′E,50 km,6.0,震度３
2011/06/14,21:48:54.9,釧路沖,43°07.0′N,145°21.6′E,73 km,5.1,震度４
2011/06/14,05:59:35.1,福島県沖,37°20.1′N,141°19.7′E,33 km,4.4,震度２
2011/06/14,05:14:25.4,トカラ列島近海,29°13.4′N,129°12.7′E,14 km,2.9,震度２
2011/06/13,17:51:34.8,茨城県沖,36°32.4′N,140°40.6′E,16 km,3.0,震度２
2011/06/13,16:44:43.0,千葉県北東部,35°43.1′N,140°40.0′E,46 km,3.6,震度２
2011/06/13,15:50:29.3,三陸沖,39°56.8′N,143°13.6′E,16 km,5.1,震度２
2011/06/13,13:53:44.5,石川県加賀地方,36°20.8′N,136°44.4′E,8 km,3.3,震度２
2011/06/13,05:48:14.3,奄美大島近海,28°00.0′N,130°15.4′E,35 km,4.6,震度３
2011/06/13,05:22:48.6,宮城県沖,38°41.9′N,141°48.2′E,53 km,3.9,震度３
2011/06/13,03:31:21.8,茨城県沖,36°29.2′N,140°56.5′E,17 km,4.4,震度２
2011/06/13,01:53:44.6,岐阜県飛騨地方,36°05.3′N,137°30.1′E,8 km,3.2,震度２
2011/06/12,22:33:59.9,茨城県北部,36°47.4′N,140°32.4′E,8 km,3.5,震度２
2011/06/12,21:57:53.4,茨城県沖,36°14.1′N,141°45.2′E,29 km,4.9,震度２
2011/06/12,20:33:08.8,トカラ列島近海,29°08.4′N,129°12.1′E,11 km,2.7,震度２
2011/06/12,17:27:46.9,福島県中通り,36°51.0′N,140°31.5′E,7 km,3.6,震度２
2011/06/12,17:09:45.4,茨城県沖,36°24.7′N,141°04.8′E,47 km,4.6,震度３
2011/06/12,12:11:53.4,新潟県中越地方,37°01.1′N,138°42.2′E,8 km,2.5,震度２
2011/06/12,09:37:56.2,千葉県東方沖,35°47.1′N,140°53.0′E,11 km,4.4,震度３
2011/06/12,06:16:48.6,福島県浜通り,37°05.8′N,140°41.4′E,9 km,3.2,震度２
2011/06/12,05:08:58.4,福島県沖,37°12.9′N,141°12.6′E,21 km,4.5,震度４
2011/06/12,01:54:03.2,福島県会津,37°40.2′N,139°56.1′E,8 km,3.2,震度２
2011/06/11,22:20:03.8,秋田県内陸南部,39°36.7′N,140°38.3′E,4 km,2.9,震度２
2011/06/11,15:34:13.5,福島県浜通り,36°56.8′N,140°39.8′E,5 km,4.2,震度２
2011/06/11,15:18:54.6,茨城県沖,35°54.9′N,141°00.9′E,19 km,4.3,震度２
2011/06/11,11:08:32.4,宮城県沖,38°26.4′N,142°13.5′E,29 km,4.0,震度２
2011/06/11,08:20:46.0,福島県沖,37°14.6′N,141°18.8′E,34 km,3.9,震度２
2011/06/11,07:35:53.9,宮城県沖,38°21.8′N,142°13.3′E,36 km,5.0,震度３
2011/06/11,06:23:49.2,福島県沖,37°24.7′N,141°23.9′E,46 km,3.9,震度２
2011/06/11,00:40:55.4,福島県浜通り,36°56.2′N,140°41.0′E,11 km,3.9,震度２
2011/06/11,00:35:07.6,福島県沖,37°16.5′N,141°14.9′E,37 km,3.6,震度２
2011/06/10,22:39:44.8,宮城県沖,38°37.1′N,141°54.2′E,48 km,4.4,震度３
2011/06/10,17:18:29.6,茨城県沖,36°28.7′N,140°59.2′E,19 km,4.4,震度３
2011/06/10,07:26:59.4,福島県中通り,37°05.3′N,140°35.1′E,13 km,3.0,震度２
2011/06/10,06:03:16.4,千葉県北東部,35°44.1′N,140°50.0′E,13 km,3.8,震度２
2011/06/10,03:15:53.3,岩手県沖,40°09.1′N,142°23.7′E,37 km,4.7,震度３
2011/06/10,00:40:56.3,宮城県沖,37°53.7′N,141°39.1′E,49 km,4.4,震度２
2011/06/09,20:20:50.9,奄美大島近海,28°18.0′N,129°33.6′E,26 km,3.9,震度２
2011/06/09,19:38:32.9,茨城県沖,36°29.8′N,140°58.2′E,13 km,5.7,震度４
2011/06/09,19:26:02.8,福島県沖,37°13.5′N,142°16.6′E,22 km,5.2,震度２
2011/06/09,13:47:10.7,秋田県内陸南部,39°36.6′N,140°38.0′E,4 km,3.6,震度３
2011/06/09,13:33:36.8,石川県加賀地方,36°20.8′N,136°44.4′E,7 km,3.7,震度３
2011/06/09,07:11:14.0,岩手県沖,39°02.4′N,142°26.5′E,34 km,5.0,震度４
2011/06/09,03:18:18.5,長野県南部,35°54.3′N,137°38.4′E,7 km,2.9,震度２
2011/06/08,08:09:04.0,福島県沖,37°05.9′N,141°08.6′E,51 km,3.6,震度２
2011/06/08,06:53:18.8,福島県沖,37°14.0′N,141°13.1′E,35 km,3.5,震度２
2011/06/08,06:36:52.8,愛媛県東予,33°57.8′N,132°58.6′E,40 km,3.8,震度２
2011/06/08,03:30:42.1,宮城県沖,38°37.1′N,141°54.4′E,48 km,3.8,震度２
2011/06/08,00:44:22.9,福島県沖,37°12.0′N,141°22.9′E,48 km,3.8,震度２
2011/06/07,13:02:32.1,岩手県沖,40°21.1′N,142°04.8′E,50 km,3.9,震度２
2011/06/07,05:37:15.1,福島県沖,37°26.3′N,141°28.9′E,39 km,3.6,震度２
2011/06/07,05:10:27.1,福島県沖,37°46.3′N,141°36.0′E,48 km,4.6,震度３
2011/06/06,19:24:16.3,岐阜県飛騨地方,36°06.2′N,137°28.3′E,8 km,4.1,震度３
2011/06/06,12:00:05.0,宮城県沖,38°19.2′N,142°12.9′E,40 km,4.0,震度２
2011/06/05,20:36:50.6,福島県浜通り,37°03.9′N,140°46.3′E,10 km,3.7,震度２
2011/06/05,20:16:37.0,福島県浜通り,37°03.0′N,140°46.3′E,11 km,4.4,震度３
2011/06/05,19:46:06.3,福島県浜通り,36°55.2′N,140°44.0′E,14 km,3.9,震度２
2011/06/05,18:10:38.9,福島県浜通り,37°05.1′N,140°47.8′E,6 km,3.4,震度２
2011/06/05,17:32:38.9,福島県浜通り,37°06.7′N,140°49.3′E,7 km,3.5,震度２
2011/06/05,17:22:12.9,福島県浜通り,37°06.8′N,140°49.6′E,7 km,3.3,震度２
2011/06/05,17:19:02.5,福島県浜通り,37°06.9′N,140°49.9′E,8 km,3.3,震度２
2011/06/05,11:17:05.7,福島県沖,37°28.0′N,141°40.2′E,46 km,3.9,震度２
2011/06/05,10:22:04.3,千葉県北東部,35°42.3′N,140°38.5′E,48 km,3.5,震度２
2011/06/05,10:06:07.5,島根県東部,35°05.3′N,132°40.3′E,10 km,3.3,震度２
2011/06/05,09:16:58.3,茨城県沖,36°31.2′N,140°55.8′E,14 km,3.9,震度２
2011/06/05,06:14:07.4,茨城県沖,35°52.7′N,141°16.8′E,41 km,4.4,震度２
2011/06/05,01:37:56.1,岩手県沖,39°05.5′N,142°08.6′E,45 km,3.9,震度２
2011/06/05,01:31:19.0,島根県東部,35°05.2′N,132°40.4′E,10 km,3.3,震度２
2011/06/04,20:01:35.6,釧路地方北部,43°31.0′N,144°30.5′E,143 km,4.4,震度２
2011/06/04,15:29:42.1,宮城県沖,38°01.4′N,141°30.7′E,62 km,3.8,震度２
2011/06/04,12:37:15.8,宮城県沖,38°16.3′N,141°15.9′E,76 km,4.4,震度３
2011/06/04,12:32:58.5,秋田県内陸北部,40°14.4′N,140°22.8′E,13 km,4.1,震度３
2011/06/04,12:00:17.5,茨城県沖,36°30.3′N,140°56.5′E,14 km,3.9,震度２
2011/06/04,10:41:10.0,福島県沖,37°00.2′N,141°11.6′E,28 km,4.1,震度２
2011/06/04,09:03:33.7,福島県沖,37°16.1′N,141°28.7′E,36 km,4.3,震度２
2011/06/04,09:03:32.2,根室地方北部,43°29.5′N,144°51.0′E,135 km,3.7,震度２
2011/06/04,04:03:17.5,新潟県中越地方,37°00.7′N,138°42.0′E,4 km,1.9,震度２
2011/06/04,03:56:52.0,新潟県中越地方,37°01.2′N,138°42.3′E,7 km,3.2,震度３
2011/06/04,02:03:22.6,島根県西部,35°06.2′N,132°39.9′E,10 km,3.7,震度２
2011/06/04,01:57:31.0,島根県東部,35°05.7′N,132°40.2′E,11 km,5.2,震度４
2011/06/04,01:00:14.1,福島県沖,36°59.4′N,141°12.6′E,30 km,5.5,震度５弱
2011/06/03,21:44:38.7,福島県沖,37°16.7′N,141°28.1′E,36 km,4.2,震度２
2011/06/03,16:07:18.2,福島県沖,36°59.7′N,141°10.6′E,30 km,3.6,震度２
2011/06/03,15:42:36.2,宮城県中部,38°19.2′N,140°41.3′E,12 km,3.4,震度３
2011/06/03,10:59:04.4,新潟県中越地方,37°02.5′N,138°42.4′E,9 km,2.8,震度２
2011/06/03,10:33:27.7,茨城県南部,35°58.8′N,140°09.4′E,62 km,4.5,震度３
2011/06/03,09:05:02.7,福島県沖,37°18.1′N,143°49.9′E,57 km,6.1,震度３
2011/06/03,04:22:51.4,新潟県中越地方,37°02.5′N,138°42.5′E,9 km,2.2,震度２
2011/06/03,01:14:57.6,宮城県沖,38°25.9′N,141°49.0′E,57 km,3.8,震度２
2011/06/02,23:41:35.5,福島県中通り,37°05.7′N,140°35.4′E,7 km,3.8,震度３
2011/06/02,23:37:49.6,福島県沖,37°30.6′N,142°43.0′E,31 km,4.9,震度２
2011/06/02,21:00:07.8,富山県東部,36°28.8′N,137°38.2′E,1 km,3.8,震度２
2011/06/02,17:42:19.9,長野県北部,36°57.8′N,138°35.5′E,6 km,2.3,震度３
2011/06/02,16:02:44.0,新潟県中越地方,37°01.9′N,138°41.7′E,11 km,2.3,震度２
2011/06/02,16:01:50.0,新潟県中越地方,37°01.7′N,138°41.5′E,8 km,3.4,震度４
2011/06/02,14:47:52.5,茨城県北部,36°49.5′N,140°35.1′E,7 km,4.2,震度２
2011/06/02,12:51:03.0,新潟県中越地方,37°02.5′N,138°42.4′E,8 km,4.1,震度４
2011/06/02,11:51:04.8,新潟県中越地方,37°02.1′N,138°42.2′E,6 km,2.1,震度２
2011/06/02,11:36:29.1,新潟県中越地方,37°02.6′N,138°42.7′E,12 km,2.9,震度３
2011/06/02,11:33:48.0,新潟県中越地方,37°01.0′N,138°42.3′E,6 km,4.7,震度５強
2011/06/02,11:15:37.7,宮城県沖,38°10.2′N,141°45.4′E,55 km,4.0,震度２
2011/06/02,10:28:18.8,福島県浜通り,36°57.4′N,140°42.2′E,17 km,3.9,震度２
2011/06/02,09:29:44.0,宮城県沖,38°16.3′N,141°52.6′E,64 km,3.9,震度２
2011/06/02,04:57:55.5,栃木県北部,36°38.4′N,139°28.3′E,4 km,2.9,震度２
2011/06/02,03:37:00.0,岩手県沖,39°43.9′N,142°14.7′E,44 km,4.3,震度２
2011/06/02,01:39:26.8,浦河沖,41°40.1′N,142°14.2′E,42 km,4.1,震度２
2011/06/01,21:18:44.4,福島県会津,37°40.2′N,139°56.2′E,8 km,2.8,震度２
2011/06/01,18:33:45.0,茨城県沖,36°36.9′N,140°49.4′E,53 km,3.4,震度２
2011/06/01,17:18:18.9,千葉県東方沖,35°31.8′N,140°43.0′E,28 km,4.5,震度３
2011/06/01,08:53:59.0,宮城県沖,38°38.2′N,141°54.5′E,49 km,4.2,震度２
2011/06/01,08:19:59.3,茨城県北部,36°43.5′N,140°35.5′E,8 km,3.8,震度３
2011/06/01,07:18:59.0,岐阜県飛騨地方,36°15.5′N,137°05.0′E,7 km,2.8,震度２
2011/06/01,06:24:12.3,福島県浜通り,37°07.0′N,140°50.2′E,6 km,3.1,震度２
2011/06/01,06:23:27.2,福島県浜通り,37°07.0′N,140°50.4′E,7 km,3.4,震度３
2011/06/01,03:48:25.8,福島県浜通り,37°00.8′N,140°42.9′E,8 km,3.5,震度２
2011/06/01,02:15:17.1,宮城県沖,38°52.7′N,141°59.8′E,50 km,4.1,震度２
2011/06/01,01:41:19.6,福島県沖,37°39.5′N,141°45.7′E,44 km,4.2,震度２
2011/06/01,01:26:07.9,三陸沖,40°14.9′N,143°21.1′E,12 km,5.1,震度２
2011/05/31,21:28:35.7,岩手県沖,39°20.5′N,142°03.7′E,48 km,5.3,震度４
2011/05/31,16:50:13.2,茨城県沖,36°12.9′N,140°59.7′E,45 km,4.4,震度２
2011/05/31,16:12:20.2,福島県沖,37°11.9′N,141°05.4′E,32 km,3.9,震度２
2011/05/31,08:53:39.9,三陸沖,40°15.5′N,143°22.9′E,10 km,5.0,震度２
2011/05/31,07:16:09.1,福島県沖,37°23.2′N,141°15.2′E,33 km,3.3,震度２
2011/05/31,05:39:18.7,茨城県北部,36°48.4′N,140°33.4′E,7 km,3.6,震度２
2011/05/31,04:36:36.8,茨城県沖,36°30.7′N,140°55.8′E,15 km,5.0,震度３
2011/05/30,15:06:23.8,福島県浜通り,37°05.5′N,140°51.0′E,9 km,2.8,震度２
2011/05/30,14:28:37.9,福島県浜通り,36°57.4′N,140°43.6′E,14 km,3.7,震度２
2011/05/30,14:28:14.6,千葉県北西部,35°30.7′N,140°07.3′E,23 km,3.0,震度２
2011/05/30,14:21:39.4,福島県沖,37°20.6′N,141°08.3′E,27 km,3.7,震度２
2011/05/30,06:55:15.5,福島県会津,37°40.4′N,139°56.2′E,8 km,3.6,震度２
2011/05/30,05:50:17.2,福島県浜通り,37°07.8′N,140°50.1′E,9 km,3.3,震度２
2011/05/29,20:56:15.4,秋田県内陸南部,39°32.0′N,140°24.1′E,7 km,2.5,震度２
2011/05/29,20:41:39.3,茨城県北部,36°48.6′N,140°34.3′E,6 km,3.6,震度２
2011/05/29,20:29:47.1,苫小牧沖,42°06.9′N,141°30.2′E,88 km,3.8,震度２
2011/05/29,18:49:18.3,茨城県沖,36°25.2′N,141°00.8′E,50 km,4.1,震度２
2011/05/29,18:40:42.1,宮城県沖,38°22.0′N,141°46.2′E,54 km,4.2,震度２
2011/05/29,13:44:13.5,茨城県北部,36°52.4′N,140°41.3′E,8 km,3.6,震度２
2011/05/29,13:23:32.5,福島県浜通り,36°59.0′N,140°35.7′E,10 km,4.2,震度２
2011/05/29,12:43:37.7,千葉県北西部,35°30.3′N,140°07.7′E,22 km,3.1,震度２
2011/05/29,11:55:51.5,茨城県沖,36°34.3′N,141°03.8′E,36 km,3.8,震度２
2011/05/29,11:27:50.5,茨城県北部,36°47.9′N,140°34.0′E,17 km,3.6,震度２
2011/05/29,10:42:46.0,福島県沖,37°06.1′N,141°07.6′E,51 km,3.4,震度２
2011/05/29,09:03:07.3,岩手県沖,39°45.2′N,142°21.6′E,41 km,4.1,震度２
2011/05/29,08:51:51.9,熊本県熊本地方,33°01.8′N,130°44.5′E,12 km,3.4,震度２
2011/05/29,07:02:42.1,福島県浜通り,37°07.2′N,140°47.5′E,2 km,2.6,震度２
2011/05/29,06:04:02.2,福島県沖,37°20.5′N,141°22.1′E,48 km,3.9,震度２
2011/05/29,05:18:38.0,薩摩半島西方沖,31°37.1′N,129°35.8′E,7 km,4.3,震度３
2011/05/29,03:52:54.4,宮城県沖,38°52.8′N,142°15.3′E,46 km,4.3,震度２
2011/05/29,02:59:39.8,青森県東方沖,40°32.6′N,142°02.8′E,41 km,3.7,震度２
2011/05/29,01:36:04.3,宮城県北部,38°49.9′N,140°37.3′E,5 km,2.2,震度２
2011/05/29,00:52:29.8,大分県南部,32°53.4′N,131°41.7′E,14 km,3.3,震度２
2011/05/28,22:54:11.2,福島県浜通り,37°02.0′N,140°41.0′E,9 km,3.6,震度２
2011/05/28,20:55:14.8,宮城県沖,38°41.8′N,142°24.2′E,34 km,3.9,震度２
2011/05/28,19:03:08.9,トカラ列島近海,29°14.9′N,129°12.3′E,11 km,2.1,震度２
2011/05/28,16:43:34.1,福島県中通り,37°03.0′N,140°33.6′E,6 km,2.9,震度２
2011/05/28,16:03:23.0,熊本県熊本地方,33°01.8′N,130°44.5′E,11 km,3.1,震度２
2011/05/28,11:13:59.8,茨城県北部,36°27.5′N,140°36.2′E,56 km,4.4,震度３
2011/05/28,10:57:19.9,千葉県東方沖,35°42.3′N,140°56.8′E,11 km,4.4,震度３
2011/05/28,08:01:53.7,岩手県沖,39°47.7′N,142°08.4′E,47 km,4.5,震度３
2011/05/28,07:50:21.2,福島県浜通り,37°06.9′N,140°49.9′E,7 km,2.9,震度２
2011/05/28,07:49:32.9,福島県浜通り,37°06.9′N,140°49.9′E,8 km,2.9,震度２
2011/05/28,03:33:20.5,新潟県中越地方,37°02.4′N,138°42.6′E,8 km,3.2,震度３
2011/05/27,23:39:27.3,茨城県沖,36°25.9′N,141°07.2′E,46 km,4.3,震度２
2011/05/27,22:51:26.6,伊豆大島近海,35°01.8′N,139°27.2′E,33 km,3.4,震度２
2011/05/27,22:33:36.1,秋田県内陸南部,39°36.7′N,140°37.9′E,5 km,4.6,震度４
2011/05/27,20:51:12.5,福島県浜通り,37°07.1′N,140°50.0′E,7 km,3.0,震度２
2011/05/27,20:25:08.7,福島県浜通り,36°59.0′N,140°49.8′E,15 km,3.6,震度３
2011/05/27,19:53:03.6,秋田県内陸南部,39°27.5′N,140°22.2′E,9 km,2.4,震度３
2011/05/27,17:04:08.1,福島県中通り,37°04.4′N,140°38.7′E,15 km,4.2,震度４
2011/05/27,16:11:56.0,秋田県沿岸南部,39°30.5′N,140°15.2′E,8 km,2.6,震度２
2011/05/27,13:44:03.2,福島県沖,37°22.5′N,141°27.7′E,30 km,3.6,震度３
2011/05/27,12:34:15.3,福島県浜通り,37°06.7′N,140°49.7′E,8 km,4.7,震度４
2011/05/27,08:25:08.1,福島県浜通り,37°06.9′N,140°50.0′E,7 km,3.3,震度３
2011/05/27,08:21:41.6,福島県浜通り,37°06.8′N,140°49.6′E,8 km,3.5,震度２
2011/05/27,04:50:41.9,福島県中通り,37°05.0′N,140°37.9′E,8 km,3.6,震度２
2011/05/27,02:19:04.4,茨城県沖,36°33.6′N,141°15.1′E,46 km,4.3,震度２
2011/05/27,00:04:38.3,岩手県沖,39°04.9′N,142°23.0′E,34 km,4.2,震度２
2011/05/26,21:22:50.6,福島県浜通り,37°06.6′N,140°49.8′E,4 km,3.2,震度３
2011/05/26,20:12:50.4,茨城県北部,36°43.0′N,140°37.9′E,6 km,4.0,震度３
2011/05/26,19:56:36.2,茨城県北部,36°43.1′N,140°37.4′E,6 km,4.8,震度４
2011/05/26,19:15:54.2,福島県浜通り,37°06.6′N,140°50.1′E,7 km,3.7,震度３
2011/05/26,15:57:34.5,岩手県沖,39°38.0′N,142°05.9′E,48 km,4.1,震度３
2011/05/26,10:37:09.0,福島県沖,37°14.6′N,141°02.2′E,30 km,3.5,震度２
2011/05/26,09:48:59.2,宮城県北部,38°49.9′N,140°37.3′E,5 km,3.0,震度３
2011/05/25,23:20:51.2,千葉県東方沖,35°29.8′N,140°55.7′E,24 km,3.9,震度２
2011/05/25,17:27:52.8,宮城県沖,38°08.2′N,141°36.2′E,60 km,4.1,震度２
2011/05/25,12:47:28.4,福島県中通り,37°01.2′N,140°30.2′E,5 km,3.0,震度２
2011/05/25,09:19:15.8,茨城県南部,35°55.4′N,140°08.3′E,62 km,4.5,震度３
2011/05/25,08:03:08.6,茨城県北部,36°51.0′N,140°41.7′E,9 km,3.8,震度２
2011/05/25,07:37:53.2,福島県沖,37°26.3′N,141°30.7′E,42 km,4.3,震度３
2011/05/25,06:46:04.1,福島県浜通り,37°06.8′N,140°50.3′E,6 km,2.5,震度２
2011/05/25,05:59:00.7,福島県浜通り,37°06.9′N,140°49.9′E,8 km,3.2,震度２
2011/05/25,05:36:13.4,福島県浜通り,37°06.7′N,140°49.8′E,7 km,5.0,震度５弱
2011/05/25,05:35:13.4,福島県浜通り,37°06.4′N,140°49.9′E,7 km,3.0,震度２
2011/05/25,01:31:02.1,石川県加賀地方,36°20.8′N,136°44.8′E,8 km,3.2,震度２
2011/05/24,20:50:31.3,千葉県北西部,35°41.0′N,140°02.5′E,69 km,3.8,震度２
2011/05/24,20:49:20.3,茨城県沖,36°23.9′N,141°07.3′E,44 km,5.0,震度３
2011/05/24,19:46:14.6,秋田県内陸南部,39°36.6′N,140°38.0′E,5 km,2.8,震度２
2011/05/24,19:18:12.8,茨城県沖,36°46.8′N,141°17.3′E,36 km,4.6,震度３
2011/05/24,18:58:41.6,沖縄本島近海,27°18.3′N,128°56.5′E,42 km,3.7,震度２
2011/05/24,17:03:31.8,福島県沖,37°06.5′N,141°08.0′E,51 km,3.9,震度２
2011/05/24,14:43:30.5,十勝地方南部,42°21.4′N,143°07.4′E,50 km,4.1,震度２
2011/05/24,12:40:50.0,三陸沖,39°47.0′N,143°29.2′E,27 km,5.8,震度３
2011/05/24,10:40:13.8,茨城県北部,36°43.8′N,140°39.0′E,6 km,3.3,震度２
2011/05/24,08:56:39.3,茨城県沖,35°59.9′N,141°13.4′E,37 km,3.9,震度２
2011/05/24,06:56:44.3,福島県中通り,37°04.0′N,140°28.7′E,7 km,2.8,震度２
2011/05/24,06:55:28.2,宮城県沖,38°32.1′N,141°42.8′E,54 km,3.8,震度２
2011/05/23,23:40:22.7,宮城県沖,38°03.7′N,142°38.9′E,32 km,4.8,震度２
2011/05/23,23:07:15.7,茨城県北部,36°42.1′N,140°37.3′E,7 km,3.1,震度２
2011/05/23,18:46:50.3,福島県浜通り,37°06.7′N,140°46.4′E,6 km,2.8,震度２
2011/05/23,14:20:56.8,宮城県沖,38°11.3′N,142°09.2′E,16 km,4.8,震度２
2011/05/23,12:26:21.3,宮城県沖,38°09.8′N,141°40.9′E,51 km,3.8,震度２
2011/05/23,06:39:53.4,福島県沖,37°36.3′N,141°36.7′E,43 km,4.3,震度２
2011/05/23,01:18:12.5,熊本県熊本地方,33°01.5′N,130°43.3′E,12 km,3.5,震度２
2011/05/22,23:46:10.2,福島県沖,37°35.0′N,143°27.4′E,45 km,5.6,震度２
2011/05/22,20:06:55.9,福島県沖,37°34.9′N,142°03.5′E,27 km,4.7,震度２
2011/05/22,17:33:37.2,三陸沖,39°07.1′N,143°00.6′E,21 km,4.7,震度２
2011/05/22,07:32:36.9,福島県浜通り,37°02.9′N,140°58.8′E,53 km,3.9,震度２
2011/05/22,07:06:27.4,千葉県北東部,35°43.7′N,140°38.6′E,48 km,5.5,震度４
2011/05/22,04:51:10.3,福島県浜通り,37°08.3′N,140°47.3′E,4 km,2.7,震度２
2011/05/22,02:45:01.7,根室地方北部,43°30.8′N,144°50.8′E,143 km,4.0,震度２
2011/05/22,02:17:22.2,福島県会津,36°56.9′N,139°25.3′E,4 km,3.9,震度３
2011/05/22,00:03:10.5,茨城県沖,36°32.5′N,140°52.4′E,51 km,4.1,震度３
2011/05/21,19:42:28.0,宮城県沖,38°41.9′N,142°12.4′E,40 km,4.4,震度２
2011/05/21,19:24:44.2,福島県沖,37°11.1′N,141°28.3′E,48 km,4.4,震度３
2011/05/21,17:51:47.5,茨城県南部,36°00.5′N,140°23.5′E,55 km,3.6,震度２
2011/05/21,15:25:38.2,滋賀県北部,35°22.4′N,135°53.3′E,15 km,3.4,震度２
2011/05/21,14:35:24.4,岩手県沖,39°05.6′N,142°26.1′E,30 km,4.4,震度２
2011/05/21,12:40:45.7,福島県沖,37°05.3′N,141°09.3′E,51 km,4.0,震度３
2011/05/21,11:16:42.7,福島県浜通り,37°08.5′N,140°47.3′E,3 km,2.7,震度２
2011/05/21,05:22:30.0,福島県中通り,36°53.2′N,140°32.4′E,7 km,3.5,震度２
2011/05/21,05:20:51.7,千葉県東方沖,35°49.1′N,140°54.4′E,29 km,3.5,震度２
2011/05/21,01:04:44.6,神奈川県西部,35°29.2′N,139°08.0′E,17 km,3.8,震度３
2011/05/20,20:42:16.3,宮城県沖,38°10.8′N,141°42.0′E,51 km,3.9,震度２
2011/05/20,20:16:03.7,茨城県沖,36°19.4′N,141°02.9′E,45 km,3.9,震度２
2011/05/20,17:53:03.9,茨城県南部,35°59.3′N,140°05.3′E,64 km,4.6,震度４
2011/05/20,16:28:46.4,福島県沖,37°27.1′N,141°29.0′E,41 km,5.2,震度４
2011/05/20,13:48:03.0,茨城県北部,36°41.0′N,140°33.5′E,3 km,3.4,震度２
2011/05/20,12:50:19.2,福島県沖,37°04.1′N,141°10.1′E,50 km,3.9,震度２
2011/05/20,09:46:15.4,千葉県東方沖,35°48.0′N,141°10.5′E,36 km,5.8,震度４
2011/05/20,09:10:10.7,宮城県沖,37°48.5′N,142°03.6′E,33 km,4.4,震度２
2011/05/20,04:41:59.8,福島県沖,37°13.7′N,141°08.2′E,13 km,3.8,震度２
2011/05/20,04:30:25.7,陸奥湾,41°09.2′N,140°52.3′E,11 km,3.0,震度２
2011/05/19,23:01:46.6,宮城県沖,38°37.3′N,141°53.4′E,47 km,3.8,震度２
2011/05/19,22:42:26.2,茨城県北部,36°42.0′N,140°37.8′E,6 km,3.2,震度３
2011/05/19,21:12:18.2,茨城県沖,35°59.4′N,141°05.8′E,34 km,4.1,震度２
2011/05/19,18:58:24.7,茨城県沖,36°42.8′N,141°02.2′E,48 km,3.7,震度２
2011/05/19,18:12:43.7,福島県沖,37°10.3′N,142°50.8′E,42 km,5.5,震度２
2011/05/19,17:32:49.1,宮城県沖,38°19.7′N,141°46.5′E,60 km,4.8,震度３
2011/05/19,12:41:48.4,青森県東方沖,40°54.5′N,142°07.5′E,52 km,3.8,震度２
2011/05/19,12:12:31.9,青森県東方沖,41°34.0′N,142°03.8′E,62 km,3.6,震度２
2011/05/19,05:39:27.9,宮城県沖,38°24.1′N,141°46.5′E,58 km,4.1,震度２
2011/05/18,22:32:43.3,福島県浜通り,36°55.8′N,140°42.1′E,8 km,4.3,震度２
2011/05/18,20:48:27.7,茨城県沖,36°35.8′N,140°58.4′E,48 km,4.2,震度２
2011/05/18,20:16:41.5,宮城県沖,38°24.3′N,142°07.5′E,31 km,4.0,震度２
2011/05/18,19:21:08.0,茨城県北部,36°42.1′N,140°37.8′E,5 km,2.8,震度２
2011/05/18,18:11:21.1,宮城県沖,38°12.5′N,141°36.8′E,60 km,3.9,震度２
2011/05/18,16:23:56.2,福島県沖,37°13.2′N,141°23.6′E,48 km,4.2,震度４
2011/05/18,11:37:12.9,宮城県中部,38°19.3′N,140°41.7′E,13 km,3.1,震度２
2011/05/18,08:36:13.9,岩手県沖,39°14.0′N,142°22.6′E,31 km,4.0,震度２
2011/05/18,07:53:40.1,茨城県沖,36°12.9′N,141°00.3′E,36 km,3.5,震度２
2011/05/18,04:34:30.0,茨城県北部,36°52.5′N,140°41.1′E,9 km,3.9,震度２
2011/05/17,22:41:01.0,茨城県北部,36°16.1′N,140°27.3′E,52 km,4.0,震度３
2011/05/17,19:54:06.3,新潟県中越地方,37°02.5′N,138°42.4′E,11 km,2.0,震度２
2011/05/17,19:40:02.7,山梨県中・西部,35°20.5′N,138°31.3′E,19 km,2.6,震度２
2011/05/17,16:49:00.0,千葉県東方沖,35°50.6′N,140°56.0′E,32 km,3.5,震度２
2011/05/17,13:54:48.0,岩手県沖,39°16.4′N,142°14.9′E,42 km,3.9,震度２
2011/05/17,10:03:03.7,福島県沖,37°45.6′N,141°01.2′E,18 km,4.0,震度３
2011/05/17,07:38:15.2,福島県沖,37°16.6′N,141°23.3′E,47 km,3.1,震度２
2011/05/17,07:32:23.7,長野県北部,36°56.8′N,138°35.5′E,4 km,2.3,震度２
2011/05/17,07:14:21.7,青森県東方沖,41°32.9′N,142°04.3′E,64 km,4.2,震度２
2011/05/17,06:14:05.8,宮城県沖,38°09.4′N,141°44.8′E,55 km,4.2,震度２
2011/05/17,03:05:02.8,富山県東部,36°28.7′N,137°38.3′E,2 km,4.5,震度２
2011/05/17,00:53:32.7,福島県沖,37°22.6′N,141°17.8′E,35 km,4.6,震度４
2011/05/16,18:05:59.3,福島県沖,37°18.3′N,141°32.1′E,32 km,4.1,震度２
2011/05/16,17:30:03.0,福島県沖,37°15.3′N,141°21.2′E,49 km,3.9,震度２
2011/05/16,12:20:46.7,岩手県沖,39°06.6′N,142°07.9′E,45 km,3.7,震度２
2011/05/16,08:27:47.1,新潟県中越地方,36°58.3′N,138°36.2′E,6 km,2.0,震度２
2011/05/16,07:23:14.0,新潟県中越地方,36°58.4′N,138°36.5′E,5 km,2.2,震度２
2011/05/16,06:58:18.0,千葉県北東部,35°51.9′N,140°37.3′E,52 km,3.8,震度２
2011/05/16,04:07:40.9,宮城県沖,38°37.7′N,141°56.0′E,48 km,4.7,震度３
2011/05/16,03:45:25.9,福島県中通り,37°02.4′N,140°18.2′E,3 km,2.8,震度２
2011/05/15,22:51:10.2,福島県沖,37°24.7′N,141°23.3′E,28 km,3.7,震度２
2011/05/15,22:03:32.9,新潟県中越地方,36°58.7′N,138°37.9′E,9 km,3.0,震度２
2011/05/15,21:32:58.4,岩手県沖,39°45.9′N,142°43.8′E,31 km,4.7,震度２
2011/05/15,21:14:20.7,福島県沖,37°17.2′N,142°33.3′E,68 km,5.3,震度３
2011/05/15,19:25:14.4,福島県沖,37°04.2′N,142°29.5′E,6 km,5.1,震度２
2011/05/15,18:56:38.5,宮城県沖,38°19.9′N,141°43.4′E,52 km,3.7,震度２
2011/05/15,16:56:45.2,福島県会津,37°42.4′N,139°55.7′E,7 km,3.7,震度３
2011/05/15,16:03:30.5,福島県浜通り,37°06.5′N,140°47.1′E,9 km,3.5,震度２
2011/05/15,14:19:43.4,十勝地方中部,42°39.9′N,143°00.7′E,106 km,3.5,震度２
2011/05/15,13:12:16.8,宮城県沖,38°08.9′N,141°43.7′E,55 km,3.9,震度２
2011/05/15,08:50:48.1,福島県沖,37°39.3′N,141°34.9′E,48 km,5.1,震度３
2011/05/15,07:30:27.4,根室半島南東沖,42°51.2′N,146°18.7′E,48 km,5.0,震度３
2011/05/15,01:45:11.0,宮城県沖,38°51.4′N,142°04.8′E,42 km,3.9,震度２
2011/05/15,00:01:43.4,福島県沖,37°24.6′N,141°19.0′E,28 km,4.6,震度３
2011/05/14,23:49:08.6,福島県沖,37°09.0′N,141°21.8′E,48 km,3.9,震度２
2011/05/14,22:46:50.4,茨城県北部,36°41.5′N,140°36.5′E,5 km,3.8,震度２
2011/05/14,19:11:35.1,宮城県沖,38°36.0′N,142°09.8′E,35 km,4.1,震度２
2011/05/14,11:07:07.6,秋田県内陸南部,39°31.1′N,140°26.5′E,10 km,2.7,震度２
2011/05/14,09:25:12.8,福島県沖,37°17.8′N,141°36.6′E,45 km,4.3,震度２
2011/05/14,08:43:06.0,福島県会津,37°42.3′N,139°55.8′E,8 km,3.1,震度２
2011/05/14,08:40:38.9,福島県沖,37°18.0′N,141°37.3′E,44 km,4.4,震度２
2011/05/14,08:35:50.9,福島県沖,37°19.6′N,141°37.7′E,41 km,5.9,震度４
2011/05/14,06:49:25.2,茨城県沖,35°57.4′N,141°06.2′E,29 km,4.7,震度３
2011/05/14,04:51:47.0,福島県沖,37°03.2′N,141°21.7′E,31 km,4.0,震度２
2011/05/14,01:28:03.3,茨城県北部,36°44.3′N,140°35.4′E,6 km,4.3,震度３
2011/05/13,22:54:39.0,千葉県東方沖,35°48.0′N,140°59.5′E,27 km,4.0,震度２
2011/05/13,22:51:11.0,千葉県東方沖,35°48.4′N,140°59.8′E,28 km,4.2,震度２
2011/05/13,17:26:49.7,福島県沖,36°51.9′N,141°03.3′E,49 km,4.0,震度２
2011/05/13,17:19:41.9,福島県浜通り,37°05.5′N,140°42.2′E,6 km,3.5,震度２
2011/05/13,10:17:42.4,福島県浜通り,37°05.4′N,140°50.0′E,7 km,2.8,震度２
2011/05/13,08:35:55.4,茨城県南部,36°09.9′N,140°05.8′E,50 km,3.9,震度２
2011/05/13,07:36:08.4,茨城県北部,36°40.1′N,140°35.8′E,6 km,3.6,震度３
2011/05/13,05:52:09.7,千葉県北西部,35°39.6′N,140°03.6′E,70 km,4.1,震度２
2011/05/13,01:20:59.3,岩手県沖,39°39.8′N,142°08.3′E,49 km,4.7,震度３
2011/05/13,00:48:03.2,福島県浜通り,37°05.9′N,140°49.7′E,7 km,2.9,震度２
2011/05/13,00:26:15.2,茨城県沖,36°17.8′N,141°01.7′E,46 km,4.3,震度２
2011/05/12,21:41:22.6,宮城県沖,38°22.4′N,141°52.1′E,65 km,3.8,震度２
2011/05/12,18:51:24.3,福島県浜通り,37°00.1′N,140°47.6′E,10 km,3.7,震度２
2011/05/12,14:57:15.7,福島県会津,37°44.5′N,139°55.4′E,9 km,3.2,震度２
2011/05/12,04:20:54.5,埼玉県秩父地方,36°07.9′N,138°58.4′E,131 km,3.9,震度２
2011/05/12,03:21:48.0,宮城県沖,38°31.7′N,141°48.8′E,50 km,4.6,震度３
2011/05/12,03:20:15.4,千葉県北東部,35°43.0′N,140°35.7′E,47 km,3.5,震度２
2011/05/12,02:46:20.3,和歌山県北部,34°11.7′N,135°10.5′E,6 km,3.5,震度３
2011/05/12,01:40:00.1,福島県沖,37°34.8′N,141°35.9′E,47 km,3.9,震度２
2011/05/11,23:08:51.4,福島県中通り,37°02.3′N,140°29.9′E,6 km,2.6,震度２
2011/05/11,21:19:06.5,青森県三八上北地方,40°29.6′N,141°07.1′E,11 km,3.0,震度２
2011/05/11,21:16:29.8,千葉県東方沖,35°48.9′N,140°55.1′E,29 km,3.4,震度２
2011/05/11,20:52:42.0,新潟県中越地方,36°58.3′N,138°38.3′E,8 km,3.0,震度２
2011/05/11,19:23:37.9,福島県中通り,37°06.1′N,140°36.5′E,12 km,3.4,震度２
2011/05/11,13:51:47.2,茨城県北部,36°41.5′N,140°37.2′E,4 km,3.4,震度２
2011/05/11,11:00:49.2,福島県浜通り,37°08.3′N,140°47.1′E,6 km,3.4,震度３
2011/05/11,09:50:49.6,宮城県沖,38°10.4′N,141°40.8′E,51 km,3.9,震度２
2011/05/11,07:15:03.7,福島県中通り,37°01.8′N,140°37.2′E,6 km,3.3,震度２
2011/05/11,05:24:15.3,千葉県東方沖,35°40.4′N,141°00.7′E,23 km,4.7,震度３
2011/05/11,04:58:10.8,宮城県沖,38°54.8′N,141°56.2′E,51 km,4.0,震度２
2011/05/11,04:22:25.1,千葉県東方沖,35°47.2′N,140°58.9′E,13 km,4.2,震度２
2011/05/11,03:24:17.6,宮城県沖,38°17.8′N,141°52.9′E,47 km,4.2,震度３
2011/05/11,03:09:58.5,福島県浜通り,37°06.5′N,140°46.0′E,5 km,2.9,震度２
2011/05/11,02:02:15.6,千葉県東方沖,35°40.4′N,140°50.6′E,28 km,4.1,震度２
2011/05/11,01:42:38.7,茨城県北部,36°38.3′N,140°36.4′E,5 km,2.6,震度２
2011/05/11,00:22:39.7,茨城県沖,36°43.5′N,140°55.7′E,52 km,3.7,震度２
2011/05/10,23:13:59.3,和歌山県北部,34°12.2′N,135°11.6′E,5 km,2.8,震度２
2011/05/10,23:01:53.4,和歌山県北部,34°11.9′N,135°11.1′E,5 km,4.2,震度４
2011/05/10,23:01:47.3,和歌山県北部,34°11.9′N,135°11.1′E,5 km,1.9,震度２
2011/05/10,22:26:31.7,福島県浜通り,37°06.7′N,140°46.0′E,5 km,2.6,震度２
2011/05/10,22:09:30.6,和歌山県北部,34°11.8′N,135°10.9′E,5 km,3.4,震度２
2011/05/10,19:14:38.8,茨城県沖,36°13.5′N,141°51.7′E,58 km,5.4,震度３
2011/05/10,18:02:39.4,宮崎県北部平野部,32°14.4′N,131°17.1′E,63 km,3.3,震度２
2011/05/10,10:35:54.5,茨城県北部,36°42.7′N,140°35.8′E,9 km,3.1,震度２
2011/05/10,08:58:06.7,茨城県北部,36°45.0′N,140°35.0′E,7 km,3.2,震度２
2011/05/10,08:52:42.2,茨城県沖,36°14.4′N,141°03.2′E,40 km,3.9,震度２
2011/05/10,08:38:22.7,茨城県北部,36°41.9′N,140°38.2′E,6 km,4.5,震度４
2011/05/10,05:15:53.8,福島県沖,37°47.7′N,143°37.0′E,45 km,5.6,震度２
2011/05/10,00:45:55.0,岩手県内陸南部,39°26.3′N,141°17.3′E,5 km,2.9,震度２
2011/05/10,00:38:14.2,新潟県中越地方,37°01.5′N,138°41.8′E,7 km,2.7,震度２
2011/05/09,21:08:17.6,茨城県沖,36°27.9′N,141°04.7′E,23 km,4.4,震度２
2011/05/09,19:53:20.0,茨城県沖,36°32.3′N,140°51.3′E,52 km,4.0,震度３
2011/05/09,12:09:30.4,福島県浜通り,37°06.7′N,140°50.3′E,9 km,2.9,震度２
2011/05/09,11:26:41.0,福島県沖,36°57.4′N,141°32.5′E,43 km,4.3,震度２
2011/05/09,09:00:58.9,茨城県北部,36°48.3′N,140°34.8′E,5 km,3.8,震度２
2011/05/09,08:44:56.3,福島県中通り,37°05.4′N,140°35.8′E,6 km,2.8,震度２
2011/05/09,08:03:58.5,福島県浜通り,36°54.9′N,140°40.5′E,10 km,3.7,震度２
2011/05/09,06:28:31.5,茨城県沖,36°19.1′N,140°48.4′E,53 km,3.3,震度２
2011/05/09,04:59:30.9,岐阜県飛騨地方,35°58.8′N,137°18.3′E,7 km,2.9,震度２
2011/05/09,04:22:55.5,宮城県沖,38°23.9′N,141°59.1′E,48 km,3.8,震度２
2011/05/09,02:15:48.0,福島県浜通り,37°06.6′N,140°46.1′E,5 km,2.5,震度２
2011/05/09,00:20:45.6,福島県浜通り,36°58.9′N,140°46.6′E,12 km,4.1,震度２
2011/05/08,20:49:52.0,宮城県沖,38°17.8′N,141°40.1′E,52 km,3.9,震度２
2011/05/08,19:42:53.7,福島県沖,37°39.0′N,141°35.3′E,46 km,4.7,震度３
2011/05/08,14:01:48.1,茨城県北部,36°53.4′N,140°40.3′E,8 km,3.7,震度２
2011/05/08,13:53:42.3,福島県沖,37°01.3′N,141°05.0′E,51 km,4.4,震度３
2011/05/08,13:13:41.2,福島県沖,37°26.3′N,141°16.5′E,28 km,3.4,震度２
2011/05/08,11:56:12.7,長野県南部,35°50.9′N,137°39.1′E,10 km,3.1,震度２
2011/05/08,07:11:07.1,福島県浜通り,37°06.5′N,140°46.4′E,4 km,4.5,震度３
2011/05/08,06:24:00.4,福島県沖,37°20.3′N,141°36.0′E,44 km,4.3,震度２
2011/05/08,05:52:20.3,岩手県沖,40°14.6′N,142°30.0′E,34 km,5.7,震度４
2011/05/08,05:03:07.2,宮城県沖,38°48.8′N,141°41.8′E,78 km,4.1,震度２
2011/05/07,23:31:04.2,千葉県東方沖,35°43.5′N,140°54.9′E,13 km,3.8,震度２
2011/05/07,23:25:42.2,宮城県沖,38°23.4′N,141°58.7′E,47 km,4.0,震度２
2011/05/07,22:00:26.1,紀伊水道,33°51.5′N,134°40.9′E,38 km,3.6,震度２
2011/05/07,21:47:38.1,紀伊水道,33°51.3′N,134°41.1′E,39 km,4.0,震度３
2011/05/07,20:24:51.0,茨城県沖,36°43.1′N,141°06.6′E,24 km,4.2,震度２
2011/05/07,14:16:36.6,長野県北部,36°49.6′N,138°40.9′E,2 km,3.7,震度２
2011/05/07,13:34:53.9,福島県会津,37°44.7′N,139°55.9′E,8 km,4.6,震度４
2011/05/07,10:12:23.1,福島県浜通り,37°06.4′N,140°52.1′E,8 km,2.8,震度２
2011/05/06,23:15:16.7,福島県浜通り,36°56.1′N,140°39.2′E,7 km,3.8,震度２
2011/05/06,20:52:14.2,秋田県内陸南部,39°33.3′N,140°27.0′E,9 km,3.6,震度３
2011/05/06,18:00:15.1,佐渡付近,37°42.6′N,138°06.8′E,18 km,4.2,震度３
2011/05/06,16:56:12.5,宮城県沖,38°20.5′N,141°43.6′E,51 km,4.1,震度３
2011/05/06,15:43:53.9,宮城県沖,38°24.8′N,142°12.2′E,36 km,4.2,震度２
2011/05/06,14:14:56.9,岩手県沖,39°04.6′N,142°13.8′E,44 km,4.7,震度３
2011/05/06,08:21:22.4,沖縄本島近海,26°04.9′N,128°40.3′E,35 km,5.6,震度２
2011/05/06,07:46:50.6,茨城県沖,36°33.9′N,141°49.4′E,44 km,4.1,震度２
2011/05/06,07:36:57.1,福島県中通り,37°00.9′N,140°30.3′E,6 km,4.0,震度３
2011/05/06,06:55:25.9,福島県沖,37°23.8′N,141°17.2′E,34 km,3.8,震度２
2011/05/06,03:32:07.5,福島県会津,37°43.7′N,139°55.8′E,8 km,3.4,震度３
2011/05/06,03:06:48.4,茨城県北部,36°43.0′N,140°36.4′E,7 km,3.5,震度３
2011/05/06,02:35:24.2,福島県浜通り,37°05.7′N,140°48.2′E,6 km,3.0,震度２
2011/05/06,02:04:27.3,福島県浜通り,37°05.9′N,140°48.5′E,6 km,5.2,震度５弱
2011/05/05,23:58:19.1,三陸沖,38°12.7′N,144°07.1′E,42 km,6.1,震度３
2011/05/05,23:33:14.2,福島県沖,37°10.5′N,141°07.2′E,33 km,3.9,震度２
2011/05/05,22:23:39.4,宮城県沖,38°53.0′N,141°59.1′E,50 km,3.9,震度２
2011/05/05,20:02:11.7,福島県沖,36°57.4′N,141°04.0′E,51 km,3.9,震度２
2011/05/05,19:20:47.4,茨城県北部,36°50.9′N,140°34.9′E,8 km,4.5,震度３
2011/05/05,14:06:41.9,千葉県東方沖,35°41.2′N,140°44.9′E,45 km,3.7,震度２
2011/05/05,12:14:20.2,新潟県中越地方,37°00.7′N,138°40.7′E,8 km,2.5,震度２
2011/05/05,10:39:17.4,福島県浜通り,37°13.2′N,140°53.4′E,8 km,3.4,震度２
2011/05/05,08:17:54.4,岩手県沖,39°04.5′N,142°21.6′E,35 km,3.3,震度２
2011/05/05,03:22:20.5,静岡県中部,35°13.5′N,138°23.7′E,18 km,3.6,震度３
2011/05/05,01:33:52.7,福島県中通り,37°01.2′N,140°20.4′E,1 km,2.7,震度２
2011/05/05,01:29:03.6,福島県沖,37°50.4′N,141°48.7′E,31 km,4.2,震度２
2011/05/05,00:09:04.2,茨城県北部,36°48.1′N,140°32.7′E,7 km,4.1,震度３
2011/05/04,22:18:49.9,宮城県沖,38°52.7′N,141°59.4′E,49 km,4.2,震度２
2011/05/04,20:43:17.5,茨城県沖,36°18.8′N,141°09.9′E,47 km,4.2,震度２
2011/05/04,17:47:48.0,茨城県北部,36°48.0′N,140°32.8′E,7 km,3.7,震度２
2011/05/04,17:47:08.7,茨城県北部,36°47.9′N,140°32.7′E,8 km,3.8,震度３
2011/05/04,17:44:53.4,福島県中通り,37°06.2′N,140°35.6′E,7 km,2.9,震度２
2011/05/04,16:37:59.8,茨城県北部,36°42.4′N,140°39.1′E,2 km,3.0,震度２
2011/05/04,16:13:33.8,埼玉県秩父地方,35°54.1′N,139°01.8′E,15 km,3.2,震度２
2011/05/04,15:18:30.4,福島県中通り,37°02.0′N,140°33.1′E,8 km,2.7,震度２
2011/05/04,14:41:46.4,青森県三八上北地方,40°50.7′N,141°24.8′E,92 km,4.6,震度３
2011/05/04,10:43:35.7,福島県沖,37°04.2′N,141°10.6′E,51 km,3.8,震度２
2011/05/04,08:06:47.9,秋田県内陸南部,39°31.0′N,140°24.7′E,9 km,2.6,震度２
2011/05/04,07:01:30.4,宮城県沖,38°23.3′N,141°58.5′E,47 km,4.2,震度２
2011/05/04,04:15:34.3,宮城県南部,37°58.8′N,140°33.6′E,10 km,3.9,震度２
2011/05/04,03:52:52.5,秋田県内陸南部,39°36.0′N,140°32.0′E,6 km,3.0,震度２
2011/05/03,23:53:06.3,福島県浜通り,37°02.2′N,140°49.0′E,10 km,3.5,震度２
2011/05/03,22:57:14.8,福島県中通り,37°00.7′N,140°35.1′E,8 km,4.5,震度４
2011/05/03,22:35:54.1,宮城県沖,38°48.2′N,142°02.5′E,47 km,4.8,震度３
2011/05/03,20:52:14.3,新潟県中越地方,36°57.8′N,138°36.2′E,8 km,2.9,震度２
2011/05/03,20:44:08.5,福島県沖,37°30.3′N,141°23.0′E,49 km,4.3,震度２
2011/05/03,14:26:08.9,千葉県南東沖,35°00.0′N,140°14.4′E,33 km,4.2,震度２
2011/05/03,11:13:24.2,福島県浜通り,36°57.3′N,140°37.2′E,9 km,3.8,震度２
2011/05/03,07:06:35.9,大阪府南部,34°17.1′N,135°10.4′E,8 km,2.9,震度２
2011/05/03,06:25:47.9,岩手県沖,40°03.4′N,142°43.3′E,31 km,5.1,震度３
2011/05/03,05:31:16.0,福島県沖,37°10.0′N,141°18.7′E,34 km,4.3,震度２
2011/05/03,05:15:43.5,津軽海峡,41°23.8′N,141°15.4′E,7 km,3.5,震度２
2011/05/03,05:01:47.3,茨城県沖,36°39.3′N,141°05.8′E,45 km,4.0,震度２
2011/05/02,22:34:30.5,茨城県北部,36°39.9′N,140°32.7′E,10 km,3.1,震度２
2011/05/02,21:36:45.7,宮城県沖,38°18.8′N,142°13.9′E,38 km,4.7,震度２
2011/05/02,20:29:49.0,宮城県沖,38°36.9′N,141°53.5′E,49 km,4.3,震度３
2011/05/02,18:52:51.4,福島県沖,37°04.9′N,141°24.8′E,46 km,3.9,震度２
2011/05/02,16:55:18.1,茨城県沖,36°35.9′N,140°49.8′E,28 km,3.9,震度３
2011/05/02,15:44:19.7,茨城県沖,36°20.9′N,140°49.4′E,49 km,3.8,震度２
2011/05/02,15:09:34.4,釧路沖,42°55.6′N,145°30.6′E,44 km,4.0,震度２
2011/05/02,12:16:55.0,福島県中通り,36°59.3′N,140°32.0′E,7 km,3.9,震度３
2011/05/02,11:09:35.5,福島県沖,37°39.1′N,141°36.0′E,48 km,4.7,震度３
2011/05/02,09:49:06.9,茨城県沖,36°19.5′N,140°56.1′E,39 km,3.8,震度２
2011/05/02,09:38:42.1,茨城県北部,36°42.2′N,140°35.7′E,9 km,3.7,震度２
2011/05/02,08:52:21.1,茨城県北部,36°41.9′N,140°37.5′E,7 km,3.3,震度３
2011/05/02,08:25:28.1,福島県沖,37°46.9′N,141°34.3′E,48 km,4.1,震度２
2011/05/02,08:02:01.2,奄美大島近海,28°39.7′N,129°35.4′E,16 km,3.9,震度２
2011/05/02,04:59:30.8,福島県浜通り,37°04.1′N,140°40.2′E,10 km,3.8,震度２
2011/05/01,21:30:34.1,秋田県内陸南部,39°30.2′N,140°27.6′E,10 km,2.5,震度２
2011/05/01,21:12:05.6,秋田県内陸南部,39°31.8′N,140°23.4′E,6 km,2.5,震度２
2011/05/01,20:01:45.7,福島県浜通り,37°06.0′N,140°48.3′E,8 km,3.2,震度２
2011/05/01,19:22:41.0,茨城県沖,35°53.9′N,140°50.8′E,42 km,4.4,震度２
2011/05/01,18:36:33.7,茨城県北部,36°37.8′N,140°33.6′E,22 km,3.9,震度３
2011/05/01,18:32:12.2,宮城県沖,38°38.2′N,141°53.5′E,47 km,3.9,震度２
2011/05/01,16:04:28.3,茨城県沖,35°54.6′N,141°03.3′E,30 km,4.4,震度２
2011/05/01,14:06:07.5,福島県沖,37°32.0′N,141°17.0′E,19 km,4.2,震度３
2011/05/01,12:37:18.3,福島県浜通り,37°04.0′N,140°40.1′E,10 km,3.9,震度３
2011/05/01,12:26:41.5,福島県沖,37°06.6′N,141°08.7′E,56 km,4.2,震度２
2011/05/01,11:48:45.7,福島県沖,37°25.4′N,141°12.5′E,29 km,4.6,震度４
2011/05/01,11:22:02.8,福島県浜通り,37°05.9′N,140°50.4′E,8 km,2.8,震度２
2011/05/01,10:56:03.5,福島県沖,37°08.7′N,141°22.4′E,49 km,4.1,震度３
2011/05/01,10:45:17.6,埼玉県南部,35°55.1′N,139°49.5′E,77 km,4.2,震度３
2011/05/01,10:27:45.8,茨城県沖,35°53.7′N,140°51.2′E,39 km,4.5,震度３
2011/05/01,09:02:32.9,福島県浜通り,37°05.8′N,140°50.8′E,9 km,3.7,震度３
2011/05/01,08:24:23.0,茨城県沖,36°23.8′N,140°59.8′E,20 km,4.3,震度２
2011/05/01,08:08:13.3,茨城県沖,36°23.7′N,141°00.4′E,20 km,4.2,震度２
2011/05/01,02:11:57.0,茨城県沖,36°23.3′N,141°00.3′E,21 km,4.9,震度３
